{"cameraMode":{"drawMode":0,"name":"Shaded","section":"Shading Mode"},"sceneLighting":true,"audioPlay":false,"sceneViewState":{"m_AlwaysRefresh":false,"showFog":true,"showSkybox":true,"showFlares":true,"showImageEffects":true,"showParticleSystems":true,"showVisualEffectGraphs":true,"m_FxEnabled":true},"in2DMode":false,"pivot":{"x":-12.312594413757325,"y":-0.7957581877708435,"z":1.7621455192565919},"rotation":{"x":0.11560112982988358,"y":0.7189443111419678,"z":-0.12327080965042114,"w":0.674212634563446},"size":0.18951424956321717,"orthographic":false}